{
  "best_global_step": null,
  "best_metric": null,
  "best_model_checkpoint": null,
  "epoch": 2.761904761904762,
  "eval_steps": 500,
  "global_step": 30,
  "is_hyper_param_search": false,
  "is_local_process_zero": true,
  "is_world_process_zero": true,
  "log_history": [
    {
      "epoch": 1.8571428571428572,
      "grad_norm": 0.9550681114196777,
      "learning_rate": 1.8333333333333333e-05,
      "loss": 1.2432,
      "step": 20
    }
  ],
  "logging_steps": 20,
  "max_steps": 30,
  "num_input_tokens_seen": 0,
  "num_train_epochs": 3,
  "save_steps": 500,
  "stateful_callbacks": {
    "TrainerControl": {
      "args": {
        "should_epoch_stop": false,
        "should_evaluate": false,
        "should_log": false,
        "should_save": true,
        "should_training_stop": true
      },
      "attributes": {}
    }
  },
  "total_flos": 5026515863470080.0,
  "train_batch_size": 2,
  "trial_name": null,
  "trial_params": null
}
